DELETE FROM PLAYLIST_MUSIQUE;
DELETE FROM PLAYLIST;
DELETE FROM MUSIQUE_GENRES;
DELETE FROM MUSIQUE;
DELETE FROM GENRE;

INSERT INTO MUSIQUE(id, artiste, bpm, commentaire, duree, path, titre) VALUES (1, 'Jeff Healey', 220, null, 156, '01 I Would Do Anything For You.mp3', 'I Would Do Anything For You');
INSERT INTO MUSIQUE(id, artiste, bpm, commentaire, duree, path, titre) VALUES (2, 'Sidney Bechet', 200, null, 170, '01 Muskrat Ramble (Ory).mp3', 'Muskrat Ramble');
INSERT INTO MUSIQUE(id, artiste, bpm, commentaire, duree, path, titre) VALUES (3, 'Marc Laferrière', 240, 'Choré Balboa', 145, '01 Perdido street stomp.mp3', 'Perdido street stomp');
INSERT INTO MUSIQUE(id, artiste, bpm, commentaire, duree, path, titre) VALUES (4, 'The Hep Chaps', 165, null, 204, '01 Swingin'' on Nothing.mp3', 'Swingin'' on Nothing');
INSERT INTO MUSIQUE(id, artiste, bpm, commentaire, duree, path, titre) VALUES (5, 'Paolo Conte', 165, null, 156, '01 Via Con Me.mp3', 'Via Con Me');
INSERT INTO MUSIQUE(id, artiste, bpm, commentaire, duree, path, titre) VALUES (6, 'Biliie Holiday', 185, null, 195, '1-16 Spreadin'' Rhythm Around.mp3', 'Spreadin'' Rhythm Around');
INSERT INTO MUSIQUE(id, artiste, bpm, commentaire, duree, path, titre) VALUES (7, 'Blue Skies', 138, null, 168, '02 Blue Skies.mp3', 'Blue Skies');
INSERT INTO MUSIQUE(id, artiste, bpm, commentaire, duree, path, titre) VALUES (8, 'The Bruce Fowler Big Band', 210, null, 188, '02 Chicago Shake.mp3', 'Chicago Shake');
INSERT INTO MUSIQUE(id, artiste, bpm, commentaire, duree, path, titre) VALUES (9, 'Fats Waller', 230, null, 230, '02 Honeysuckle Rose - A Jam Session 1.mp3', 'Honeysuckle Rose - A Jam Session 1');
INSERT INTO MUSIQUE(id, artiste, bpm, commentaire, duree, path, titre) VALUES (10, 'Fats Waller', 230, null, 230, '02 Honeysuckle Rose - A Jam Session.mp3', 'Honeysuckle Rose - A Jam Session');
INSERT INTO MUSIQUE(id, artiste, bpm, commentaire, duree, path, titre) VALUES (11, 'Pee Wee Russel', 205, null, 271, '02 I Ain''t Gonna Give Nobody None of.m4a', 'I Ain''t Gonna Give Nobody None of my jelly rolls');
INSERT INTO MUSIQUE(id, artiste, bpm, commentaire, duree, path, titre) VALUES (12, 'Big Bad Voodoo Daddy', 155, null, 263, '02 Merry Christmas Baby.mp3', 'Merry Christmas Baby');
INSERT INTO MUSIQUE(id, artiste, bpm, commentaire, duree, path, titre) VALUES (13, 'Scott Bradley', 124, null, 182, '02 Thrift Shop.mp3', 'Thrift Shop');
INSERT INTO MUSIQUE(id, artiste, bpm, commentaire, duree, path, titre) VALUES (14, 'The Hep Chaps', 194, null, 199, '02 Tickle Toe.mp3', 'Tickle Toe');
INSERT INTO MUSIQUE(id, artiste, bpm, commentaire, duree, path, titre) VALUES (15, 'Stuff Smith', 200, null, 205, '03 It Ain''t Right.mp3', 'It Ain''t Right');
INSERT INTO MUSIQUE(id, artiste, bpm, commentaire, duree, path, titre) VALUES (16, 'Gentlemen & Gangsters', 194, null, 261, '03 Tin Roof Blues.mp3', 'Tin Roof Blues');
INSERT INTO MUSIQUE(id, artiste, bpm, commentaire, duree, path, titre) VALUES (17, 'Oscar Aleman', 198, null, 247, '04 Besame Mucho.mp3', 'Besame Mucho');
INSERT INTO MUSIQUE(id, artiste, bpm, commentaire, duree, path, titre) VALUES (18, 'Original soundtrack', 186, null, 259, '04 Boogie Man.mp3', 'Boogie Man');
INSERT INTO MUSIQUE(id, artiste, bpm, commentaire, duree, path, titre) VALUES (19, 'Gordon Webster', 212, 'Super choré', 182, '04 Darktown Strutter''s Ball (Live).mp3', 'Darktown Strutter''s Ball (Live)');
INSERT INTO MUSIQUE(id, artiste, bpm, commentaire, duree, path, titre) VALUES (20, 'Rhythm Junkies', 186, null, 194, '04 Dinah.mp3', 'Dinah');
INSERT INTO MUSIQUE(id, artiste, bpm, commentaire, duree, path, titre) VALUES (21, 'The Puppini Sisters', 216, null, 216, '04 Moi Je Joue.mp3', 'Moi Je Joue');
INSERT INTO MUSIQUE(id, artiste, bpm, commentaire, duree, path, titre) VALUES (22, 'Jennie Lobel', 196, null, 186, '04 Tommy''s Low Bell.mp3', 'Tommy''s Low Bell');
INSERT INTO MUSIQUE(id, artiste, bpm, commentaire, duree, path, titre) VALUES (23, 'Hot Sugar Band', 192, null, 175, '04 Yacht club swing.mp3', 'Yacht club swing');
INSERT INTO MUSIQUE(id, artiste, bpm, commentaire, duree, path, titre) VALUES (24, 'Preservation Hall Jazz Band', 188, null, 175, '05 Dr. Jazz.mp3', 'Dr. Jazz');
INSERT INTO MUSIQUE(id, artiste, bpm, commentaire, duree, path, titre) VALUES (25, 'Rhythm Junkies', 188, null, 175, '05 That''s a plenty.mp3', 'That''s a plenty');
INSERT INTO MUSIQUE(id, artiste, bpm, commentaire, duree, path, titre) VALUES (26, 'Gordon Webster', 128, null, 305, '06 Blues My Naughty Sweetie Gives To.mp3', 'Blues My Naughty Sweetie Gives To Me');
INSERT INTO MUSIQUE(id, artiste, bpm, commentaire, duree, path, titre) VALUES (27, 'Gentlemen & Gangsters', 144, null, 156, '06 Bugsy.mp3', 'Bugsy');
INSERT INTO MUSIQUE(id, artiste, bpm, commentaire, duree, path, titre) VALUES (28, 'Gentlemen & Gangsters', 116, null, 183, '06 Darkness on the Delta.mp3', 'Darkness on the Delta');
INSERT INTO MUSIQUE(id, artiste, bpm, commentaire, duree, path, titre) VALUES (29, 'Artie Shaw', 208, null, 143, '06 The Carioca.mp3', 'The Carioca');
INSERT INTO MUSIQUE(id, artiste, bpm, commentaire, duree, path, titre) VALUES (30, 'The Red Clay Ramblers', 192, null, 191, '07 It Ain''t Right.mp3', 'It Ain''t Right');
INSERT INTO MUSIQUE(id, artiste, bpm, commentaire, duree, path, titre) VALUES (31, 'Jeff Healey', 124, null, 164, '08 A Cup Of Coffee, A Sandwich, And.mp3', 'A Cup Of Coffee, A Sandwich, And');
INSERT INTO MUSIQUE(id, artiste, bpm, commentaire, duree, path, titre) VALUES (32, 'The Dream Team', 146, null, 184, '08 Happy Feet.mp3', 'Happy Feet');
INSERT INTO MUSIQUE(id, artiste, bpm, commentaire, duree, path, titre) VALUES (33, 'Papa''s Finest Boogie Band', 146, null, 184, '08 Sense of Life.mp3', 'Sense of Life');
INSERT INTO MUSIQUE(id, artiste, bpm, commentaire, duree, path, titre) VALUES (34, 'Brother Yusef', 220, null, 231, '08 Shoes of another man.mp3', 'Shoes of another man');
INSERT INTO MUSIQUE(id, artiste, bpm, commentaire, duree, path, titre) VALUES (35, 'Pee Wee Russel', 224, null, 221, '08 That Da-Da Strain.m4a', 'That Da-Da Strain');
INSERT INTO MUSIQUE(id, artiste, bpm, commentaire, duree, path, titre) VALUES (36, 'Swing Christmas', 164, null, 192, '08 The Skater''s Waltz (In Swingtime).mp3', 'The Skater''s Waltz (In Swingtime)');
INSERT INTO MUSIQUE(id, artiste, bpm, commentaire, duree, path, titre) VALUES (37, 'Michel Pastre Big Band', 140, null, 192, '08 Tickle Toe.mp3', 'Tickle Toe');
INSERT INTO MUSIQUE(id, artiste, bpm, commentaire, duree, path, titre) VALUES (38, 'Mike Daniels Delta Jazzmen', 158, null, 201, '09 Big Fat Ham.mp3', 'Big Fat Ham');
INSERT INTO MUSIQUE(id, artiste, bpm, commentaire, duree, path, titre) VALUES (39, 'Gentlemen & Gangsters', 160, null, 202, '09 I''ll See You In My Dreams.mp3', 'I''ll See You In My Dreams');

INSERT INTO GENRE(id, label) VALUES (GENRE_SEQ.nextval, 'Lindy');
INSERT INTO GENRE(id, label) VALUES (GENRE_SEQ.nextval, 'Balboa');
INSERT INTO GENRE(id, label) VALUES (GENRE_SEQ.nextval, '4 temps');
INSERT INTO GENRE(id, label) VALUES (GENRE_SEQ.nextval, '6 temps');
INSERT INTO GENRE(id, label) VALUES (GENRE_SEQ.nextval, 'Boogie');
INSERT INTO GENRE(id, label) VALUES (GENRE_SEQ.nextval, 'Blues');

INSERT INTO MUSIQUE_GENRES(id_musique, id_genre) SELECT id, (SELECT id FROM GENRE WHERE label = 'Lindy') FROM MUSIQUE;

INSERT INTO PLAYLIST(id, nom, is_folder, id_playlist_parent) VALUES (1, 'Playlist Odéon', true, null);
INSERT INTO PLAYLIST(id, nom, is_folder, id_playlist_parent) VALUES (2, 'Odéon 2017', true, 1);
INSERT INTO PLAYLIST(id, nom, is_folder, id_playlist_parent) VALUES (3, 'Odéon 11/02/2017', false, 2);
INSERT INTO PLAYLIST(id, nom, is_folder, id_playlist_parent) VALUES (4, 'Odéon 11/03/2017', false, 2);
INSERT INTO PLAYLIST(id, nom, is_folder, id_playlist_parent) VALUES (5, 'Odéon 11/04/2017', false, 2);
INSERT INTO PLAYLIST(id, nom, is_folder, id_playlist_parent) VALUES (6, 'Odéon 2018', true, 1);
INSERT INTO PLAYLIST(id, nom, is_folder, id_playlist_parent) VALUES (7, 'Odéon 11/02/2018', false, 6);
INSERT INTO PLAYLIST(id, nom, is_folder, id_playlist_parent) VALUES (8, 'Odéon 11/03/2018', false, 6);
INSERT INTO PLAYLIST(id, nom, is_folder, id_playlist_parent) VALUES (9, 'Odéon 11/04/2018', false, 6);
INSERT INTO PLAYLIST(id, nom, is_folder, id_playlist_parent) VALUES (10, 'Playlist Evenements', true, null);
INSERT INTO PLAYLIST(id, nom, is_folder, id_playlist_parent) VALUES (11, 'Evenements 2018', true, 10);
INSERT INTO PLAYLIST(id, nom, is_folder, id_playlist_parent) VALUES (12, 'Evenements 2017', true, 10);
INSERT INTO PLAYLIST(id, nom, is_folder, id_playlist_parent) VALUES (13, 'Lille Dit Hop 2017', false, 12);
INSERT INTO PLAYLIST(id, nom, is_folder, id_playlist_parent) VALUES (14, 'Embarquement 2017', false, 12);
INSERT INTO PLAYLIST(id, nom, is_folder, id_playlist_parent) VALUES (15, 'Lille Dit Hop 2018', false, 11);
INSERT INTO PLAYLIST(id, nom, is_folder, id_playlist_parent) VALUES (16, 'Lille Dit Jazz Roots 2018', false, 11);
INSERT INTO PLAYLIST(id, nom, is_folder, id_playlist_parent) VALUES (170, 'Embarquement 2018', false, 11);

INSERT INTO PLAYLIST_MUSIQUE(id, id_playlist, id_musique, musique_order) VALUES (1, 3, 1, 1);
INSERT INTO PLAYLIST_MUSIQUE(id, id_playlist, id_musique, musique_order) VALUES (2, 3, 2, 2);
INSERT INTO PLAYLIST_MUSIQUE(id, id_playlist, id_musique, musique_order) VALUES (3, 3, 3, 3);
INSERT INTO PLAYLIST_MUSIQUE(id, id_playlist, id_musique, musique_order) VALUES (4, 3, 4, 4);
INSERT INTO PLAYLIST_MUSIQUE(id, id_playlist, id_musique, musique_order) VALUES (5, 3, 5, 5);

INSERT INTO PLAYLIST_MUSIQUE(id, id_playlist, id_musique, musique_order) VALUES (6, 4, 1, 1);
INSERT INTO PLAYLIST_MUSIQUE(id, id_playlist, id_musique, musique_order) VALUES (7, 4, 2, 2);
INSERT INTO PLAYLIST_MUSIQUE(id, id_playlist, id_musique, musique_order) VALUES (8, 4, 3, 3);
INSERT INTO PLAYLIST_MUSIQUE(id, id_playlist, id_musique, musique_order) VALUES (9, 4, 4, 4);
INSERT INTO PLAYLIST_MUSIQUE(id, id_playlist, id_musique, musique_order) VALUES (10, 4, 5, 5);
INSERT INTO PLAYLIST_MUSIQUE(id, id_playlist, id_musique, musique_order) VALUES (11, 4, 6, 6);
INSERT INTO PLAYLIST_MUSIQUE(id, id_playlist, id_musique, musique_order) VALUES (12, 4, 7, 7);
INSERT INTO PLAYLIST_MUSIQUE(id, id_playlist, id_musique, musique_order) VALUES (13, 4, 8, 8);

INSERT INTO PLAYLIST_MUSIQUE(id, id_playlist, id_musique, musique_order) VALUES (14, 5, 11, 1);
INSERT INTO PLAYLIST_MUSIQUE(id, id_playlist, id_musique, musique_order) VALUES (15, 5, 12, 2);
INSERT INTO PLAYLIST_MUSIQUE(id, id_playlist, id_musique, musique_order) VALUES (16, 5, 13, 3);
INSERT INTO PLAYLIST_MUSIQUE(id, id_playlist, id_musique, musique_order) VALUES (17, 5, 14, 4);
INSERT INTO PLAYLIST_MUSIQUE(id, id_playlist, id_musique, musique_order) VALUES (18, 5, 15, 5);

INSERT INTO PLAYLIST_MUSIQUE(id, id_playlist, id_musique, musique_order) VALUES (19, 7, 7, 1);
INSERT INTO PLAYLIST_MUSIQUE(id, id_playlist, id_musique, musique_order) VALUES (20, 7, 12, 2);
INSERT INTO PLAYLIST_MUSIQUE(id, id_playlist, id_musique, musique_order) VALUES (21, 7, 20, 3);
INSERT INTO PLAYLIST_MUSIQUE(id, id_playlist, id_musique, musique_order) VALUES (22, 7, 14, 4);
INSERT INTO PLAYLIST_MUSIQUE(id, id_playlist, id_musique, musique_order) VALUES (23, 7, 5, 5);
INSERT INTO PLAYLIST_MUSIQUE(id, id_playlist, id_musique, musique_order) VALUES (24, 7, 15, 6);
INSERT INTO PLAYLIST_MUSIQUE(id, id_playlist, id_musique, musique_order) VALUES (25, 7, 25, 7);

INSERT INTO PLAYLIST_MUSIQUE(id, id_playlist, id_musique, musique_order) VALUES (26, 9, 37, 1);
INSERT INTO PLAYLIST_MUSIQUE(id, id_playlist, id_musique, musique_order) VALUES (27, 9, 38, 2);
INSERT INTO PLAYLIST_MUSIQUE(id, id_playlist, id_musique, musique_order) VALUES (28, 9, 14, 3);
INSERT INTO PLAYLIST_MUSIQUE(id, id_playlist, id_musique, musique_order) VALUES (29, 9, 2, 4);
INSERT INTO PLAYLIST_MUSIQUE(id, id_playlist, id_musique, musique_order) VALUES (30, 9, 6, 5);
INSERT INTO PLAYLIST_MUSIQUE(id, id_playlist, id_musique, musique_order) VALUES (31, 9, 16, 6);
INSERT INTO PLAYLIST_MUSIQUE(id, id_playlist, id_musique, musique_order) VALUES (32, 9, 18, 7);
INSERT INTO PLAYLIST_MUSIQUE(id, id_playlist, id_musique, musique_order) VALUES (33, 9, 25, 8);

ALTER SEQUENCE IF EXISTS PLAYLIST_SEQ RESTART WITH 10;
ALTER SEQUENCE IF EXISTS MUSIQUE_SEQ RESTART WITH 40;
ALTER SEQUENCE IF EXISTS PLAYLIST_MUSIQUE_SEQ RESTART WITH 34;

INSERT INTO PLAYLIST_MUSIQUE(id, id_playlist, id_musique, musique_order) SELECT PLAYLIST_MUSIQUE_SEQ.nextval, 8, id, PLAYLIST_MUSIQUE_SEQ.currval FROM MUSIQUE;
